shape,rate,shift,incubationPeriod
2.1157789506000704,0.6898582881923863,2.3066912325330207, 5.2
